Name;Size;"First name";"Last name";Downloads;Date;Path
00-ML4NLU-Logistics.pdf;3197056;Achim;Rettinger;514;"14.11.2025 21:52";00-ML4NLU-Logistics.pdf
00-ML4NLU-Schedule.pdf;78551;Achim;Rettinger;369;"26.01.2026 10:01";00-ML4NLU-Schedule.pdf
01-_ML4NLU-Basics-flippedClassroom.pdf;4132036;Achim;Rettinger;784;"21.10.2025 08:24";01-_ML4NLU-Basics-flippedClassroom.pdf
01-_ML4NLU-Basics.pdf;7773958;Achim;Rettinger;742;"23.10.2025 14:12";01-_ML4NLU-Basics.pdf
01-ML4NLU-Dot-Product.xlsx;24630;Achim;Rettinger;245;"10.11.2025 22:16";01-ML4NLU-Dot-Product.xlsx
01-ML4NLU-Matrix-Multiplication.xlsx;33750;Achim;Rettinger;222;"10.11.2025 22:16";01-ML4NLU-Matrix-Multiplication.xlsx
02-_ML4NLU-Learning+Eval-flippedClassroom.pdf;5062356;Achim;Rettinger;633;"26.10.2025 21:58";02-_ML4NLU-Learning+Eval-flippedClassroom.pdf
02-_ML4NLU-Learning+Eval.pdf;7128475;Achim;Rettinger;578;"30.10.2025 09:52";02-_ML4NLU-Learning+Eval.pdf
03-_ML4NLU-NeuralNets-flippedClassroom.pdf;1631068;Achim;Rettinger;442;"10.11.2025 22:16";03-_ML4NLU-NeuralNets-flippedClassroom.pdf
03-_ML4NLU-NeuralNets.pdf;11876186;Achim;Rettinger;455;"13.11.2025 09:34";03-_ML4NLU-NeuralNets.pdf
03-ML4NLU-Backpropgation.xlsx;36055;Achim;Rettinger;216;"13.11.2025 09:34";03-ML4NLU-Backpropgation.xlsx
03-ML4NLU-Linear-Layer.xlsx;93684;Achim;Rettinger;197;"13.11.2025 09:34";03-ML4NLU-Linear-Layer.xlsx
03-ML4NLU-Multi-Layer_Perceptron.xlsx;103361;Achim;Rettinger;202;"13.11.2025 09:34";03-ML4NLU-Multi-Layer_Perceptron.xlsx
04-_ML4NLU-Autoencoder.xlsx;98899;Achim;Rettinger;199;"19.11.2025 06:53";04-_ML4NLU-Autoencoder.xlsx
04-_ML4NLU-StaticWordVectors-flippedClassroom.pdf;2139408;Achim;Rettinger;362;"19.11.2025 06:53";04-_ML4NLU-StaticWordVectors-flippedClassroom.pdf
04-_ML4NLU-StaticWordVectors.pdf;4341370;Achim;Rettinger;384;"20.11.2025 10:13";04-_ML4NLU-StaticWordVectors.pdf
04-ML4NLU-Ruck-Zuck_TransScript.pdf;40101;Achim;Rettinger;310;"20.11.2025 10:13";04-ML4NLU-Ruck-Zuck_TransScript.pdf
04-ML4TMW-Softmax.xlsx;13635;Achim;Rettinger;201;"19.11.2025 06:53";04-ML4TMW-Softmax.xlsx
05-_ML4NLU-LanguageModels-flippedClass.pdf;1394002;Achim;Rettinger;344;"25.11.2025 21:58";05-_ML4NLU-LanguageModels-flippedClass.pdf
05-_ML4NLU-LanguageModels.pdf;5839807;Achim;Rettinger;370;"27.11.2025 13:02";05-_ML4NLU-LanguageModels.pdf
05-RNN.xlsx;77604;Achim;Rettinger;192;"25.11.2025 21:58";05-RNN.xlsx
06-_ML4NLU-TransformerEncoding-flippedClass.pdf;1331680;Achim;Rettinger;302;"04.12.2025 09:24";06-_ML4NLU-TransformerEncoding-flippedClass.pdf
06-_ML4NLU-TransformerEncoding.pdf;6213677;Achim;Rettinger;330;"11.12.2025 09:23";06-_ML4NLU-TransformerEncoding.pdf
06-Self-Attention.xlsx;103691;Achim;Rettinger;198;"04.12.2025 09:24";06-Self-Attention.xlsx
06-Transformer-Full-Stack.xlsx;114239;Achim;Rettinger;187;"04.12.2025 09:24";06-Transformer-Full-Stack.xlsx
06-Transformer-simplifiedEncoderBlock.xlsx;185746;Achim;Rettinger;176;"04.12.2025 09:24";06-Transformer-simplifiedEncoderBlock.xlsx
07-_ML4NLU-TransformerDecoding-flippedClass.pdf;4641128;Achim;Rettinger;276;"08.12.2025 22:36";07-_ML4NLU-TransformerDecoding-flippedClass.pdf
07-_ML4NLU-TransformerDecoding.pdf;8177339;Achim;Rettinger;345;"11.12.2025 10:09";07-_ML4NLU-TransformerDecoding.pdf
08-_ML4NLU-PreTraining-flippedClass.pdf;425147;Achim;Rettinger;254;"17.12.2025 19:38";08-_ML4NLU-PreTraining-flippedClass.pdf
08-_ML4NLU-PreTraining.pdf;4688772;Achim;Rettinger;342;"18.12.2025 09:55";08-_ML4NLU-PreTraining.pdf
09-_ML4NLU-PostTraining-flippedClass.pdf;980813;Achim;Rettinger;256;"07.01.2026 19:25";09-_ML4NLU-PostTraining-flippedClass.pdf
09-_ML4NLU-PostTraining.pdf;12380643;Achim;Rettinger;305;"08.01.2026 10:12";09-_ML4NLU-PostTraining.pdf
10-_ML4NLU-Prompting+Tools-flippedClass.pdf;966489;Achim;Rettinger;283;"11.01.2026 17:09";10-_ML4NLU-Prompting+Tools-flippedClass.pdf
10-_ML4NLU-Prompting+Tools.pdf;9731052;Achim;Rettinger;314;"15.01.2026 12:29";10-_ML4NLU-Prompting+Tools.pdf
11-_ML4NLU-Multi-Lingual-Modal-Agent-flippedClass.pdf;966748;Achim;Rettinger;255;"19.01.2026 18:27";11-_ML4NLU-Multi-Lingual-Modal-Agent-flippedClass.pdf
11-_ML4NLU-Multi-Lingual-Modal-Agent.pdf;8704158;Achim;Rettinger;313;"22.01.2026 12:09";11-_ML4NLU-Multi-Lingual-Modal-Agent.pdf
12-_ML4NLU-AI+Ethics-flippedClass.pdf;972763;Achim;Rettinger;161;"02.02.2026 19:08";12-_ML4NLU-AI+Ethics-flippedClass.pdf
12-_ML4NLU-AI+Ethics.pdf;9941551;Achim;Rettinger;162;"05.02.2026 12:03";12-_ML4NLU-AI+Ethics.pdf
